ARATH;ARATH
BRADI;BRADI
COFCA;COFCA
ELAGV;ELAGV
EUCGR;EUCGR
GLYMA;GLYMA
GOSRA;GOSRA
LOTJA;LOTJA
MAIZE;MAIZE
MALDO;MALDO
MANES;MANES
MEDTR;MEDTR
MUSAC;MUSAC
ORYSI;ORYSI
ORYSJ;ORYSJ
PHODC;PHODC
POPTR;POPTR
RICCO;RICCO
SETIT;SETIT
SOLLC;SOLLC
SOLTU;SOLTU
SORBI;SORBI
THECC;THECC
VITVI;VITVI
REF_ELAGV;REF_ELAGV
REF_EUCGR;REF_EUCGR